ID,currency,Default_LE,ORACLE_CODE,L1_CODE,L1_DESC,Cluster_Country_Code,Cluster_Country_Desc,Global_MKT_CITY_code,Global_MKT_CITY_desc,Description,Hierarchy_PARENTID,Hierarchy_PREVID,Hierarchy_ORDERID,PILLAR_TGO_PARENTID,PILLAR_TGO_PREVID,PILLAR_TGO_ORDERID,nextLink
#,USD,,#,#,#,#,#,#,#,Unassigned,,,1,,,,
00100,,,,,,,,,,United States,110100,,1,,,,
00200,,,,,,,,,,Canada.,130900,,1,,,,
00700,,,,,,,,,,Russia,130200,,1,,,,
00751,,,,,,,,,,Kazakhstan,130200,00700,2,,,,
02700,,,,,,,,,,South Africa,130300,,1,,,,
03000,,,,,,,,,,Greece and Cyprus,122000,,1,,,,
03100,,,,,,,,,,The Netherlands,121000,,1,,,,
03200,,,,,,,,,,Belgium and Luxembourg,121000,03100,2,,,,
03300,,,,,,,,,,France,122000,03000,2,,,,
03400,,,,,,,,,,Spain,122000,03300,3,,,,
03600,,,,,,,,,,Hungary,122000,03400,4,,,,
03900,,,,,,,,,,Italy,122000,03600,5,,,,
04000,,,,,,,,,,Romania,122000,03900,6,,,,
04100,,,,,,,,,,Switzerland,121000,03200,3,,,,
04300,,,,,,,,,,Austria,121000,04100,4,,,,
04400,,,,,,,,,,United Kingdom,121000,04300,5,,,,
04500,,,,,,,,,,Denmark,121000,04400,6,,,,
04600,,,,,,,,,,Sweden,121000,04500,7,,,,
04700,,,,,,,,,,Norway,121000,04600,8,,,,
04800,,,,,,,,,,Poland,122000,04000,7,,,,
04900,,,,,,,,,,Germany,121000,04700,9,,,,
05100,,,,,,,,,,Peru,130500,,1,,,,
05200,,,,,,,,,,Mexico,130500,05100,2,,,,
05400,,,,,,,,,,Argentina,130500,05200,3,,,,
05500,,,,,,,,,,Brazil,130500,05400,4,,,,
05600,,,,,,,,,,Chile,130500,05500,5,,,,
05700,,,,,,,,,,Colombia,130500,05600,6,,,,
05800,,,,,,,,,,Venezuela,130500,05700,7,,,,
06000,,,,,,,,,,Malaysia,130400,,1,,,,
06100,,,,,,,,,,Australia,130400,06000,2,,,,
06200,,,,,,,,,,Indonesia,130400,06100,3,,,,
06300,,,,,,,,,,Philippines,130400,06200,4,,,,
06400,,,,,,,,,,New Zealand,130400,06300,5,,,,
06500,,,,,,,,,,Singapore,130400,06400,6,,,,
06600,,,,,,,,,,Thailand,130400,06500,7,,,,
08100,,,,,,,,,,Japan,130400,06600,8,,,,
08200,,,,,,,,,,South Korea,130400,08100,9,,,,
08400,,,,,,,,,,Vietnam,130400,08200,10,,,,
08600,,,,,,,,,,China,130700,,1,,,,
09000,,,,,,,,,,Turkey,130200,00751,3,,,,
09100,,,,,,,,,,India,130400,08400,11,,,,
09200,,,,,,,,,,Pakistan,130400,09100,12,,,,
100000,,,,,,,,,,Markets,Z_SEG1,,1,,,,
11,USD,,99002,190000,Other Markets,190100,Other Markets,99002,R+D_GLOBAL,R+D_GLOBAL.,99002,,1,,,,
110000,,,,,,,,,,North America,100000,,1,,,,
110100,,,,,,,,,,North America,110000,,1,,,,
120000,,,,,,,,,,Europe,100000,110000,2,,,,
120800,,,,,,,,,,EU above markets,120000,,1,,,,
120900,,,,,,,,,,Total Europe HQ,120000,120800,2,,,,
121000,,,,,,,,,,North-West (NW),120000,120900,3,,,,
122000,,,,,,,,,,South-East (SE),120000,121000,4,,,,
13,USD,,99008,190000,Other Markets,190100,Other Markets,99008,GMG_GLOBAL,GMG_GLOBAL.,99008,,1,,,,
130000,,,,,,,,,,International Markets,100000,120000,3,,,,
130100,,,,,,,,,,IM - HQ,130000,,1,,,,
130200,,,,,,,,,,"Russia, Kazakhstan, Turkey and CIS",130000,130100,2,,,,
130300,,,,,,,,,,"Israel, Ukraine, Africa and MEA",130000,130200,3,,,,
130400,,,,,,,,,,APAC,130000,130300,4,,,,
130500,,,,,,,,,,Latin America,130000,130400,5,,,,
130700,,,,,,,,,,Greater China,130000,130500,6,,,,
130800,,,,,,,,,,Medis,130000,130700,7,,,,
130900,,,,,,,,,,Canada,130000,130800,8,,,,
190000,,,,,,,,,,Other Markets,100000,130000,4,,,,
190100,,,,,,,,,,Other Markets,190000,,1,,,,
200000,,,,,,,,,,Sites,Z_SEG1,100000,2,,,,
35100,,,,,,,,,,Portugal,122000,04800,8,,,,
35300,,,,,,,,,,Ireland,121000,04900,10,,,,
35400,,,,,,,,,,Iceland,121000,35300,11,,,,
35600,,,,,,,,,,Malta,122000,35100,9,,,,
35800,,,,,,,,,,Finland,121000,35400,12,,,,
35900,,,,,,,,,,Bulgaria,122000,35600,10,,,,
38000,,,,,,,,,,Ukraine,130300,02700,2,,,,
38100,,,,,,,,,,Serbia,122000,35900,11,,,,
38200,,,,,,,,,,Montenegro,122000,38100,12,,,,
38500,,,,,,,,,,Croatia,122000,38200,13,,,,
38600,,,,,,,,,,Slovenia,122000,38500,14,,,,
38700,,,,,,,,,,Bosnia and Herzegovina,122000,38600,15,,,,
38900,,,,,,,,,,North Macedonia,122000,38700,16,,,,
42000,,,,,,,,,,Czech Republic,122000,38900,17,,,,
42100,,,,,,,,,,Slovakia,122000,42000,18,,,,
59800,,,,,,,,,,Uruguay,130500,05800,8,,,,
78700,,,,,,,,,,Puerto Rico,110100,00100,2,,,,
85200,,,,,,,,,,Hong Kong,130700,08600,2,,,,
88000,,,,,,,,,,Bangladesh,130400,09200,13,,,,
88600,,,,,,,,,,Taiwan,130700,85200,3,,,,
97200,,,,,,,,,,Israel,130300,38000,3,,,,
99001,,,,,,,,,,Israel HQ,190100,,1,,,,
99002,,,,,,,,,,R+D_GLOBAL,190100,99001,2,,,,
99008,,,,,,,,,,GMG_GLOBAL,190100,99002,3,,,,
99009,,,,,,,,,,Medis Allocation market,190100,99008,4,,,,
99011,,,,,,,,,,TAPI Commercial Allocation market,190100,99009,5,,,,
99012,,,,,,,,,,CMO Allocation market,190100,99011,6,,,,
99015,,,,,,,,,,Medis,130800,,1,,,,
99020,,,,,,,,,,EU COMMOPS Functions,120800,,1,,,,
99025,,,,,,,,,,Europe HQ,120900,,1,,,,
99040,,,,,,,,,,North America HQ,110100,78700,3,,,,
99045,,,,,,,,,,Global Segment Reporting,190100,99012,7,,,,
99046,,,,,,,,,,Global Segment Reporting TAPI,190100,99045,8,,,,
99072,,,,,,,,,,APAC HQ,130400,88000,14,,,,
99074,,,,,,,,,,Latin America HQ,130500,59800,9,,,,
99075,,,,,,,,,,IM HQ,130100,,1,,,,
AC1,NZD,,,APC,APAC AND CHINA,NZ0,NEW ZEALAND,,,AUCKLAND (ACTAVIS),NZ0,,1,,,,
AD,EUR,,37600,120000,Europe,122000,South-East (SE),03400,Spain,Andorra,03400,,1,,,,
AD1,USD,,,NAM,NORTH AMERICA,US0,UNITED STATES,,,ADENO,US0,,1,,,,
AE,USD,,97100,130000,International Markets,130300,"Israel, Ukraine, Africa and MEA",OMENA,MEA,United Arab Emirates,OMENA,,1,,,,
AH1,INR,,,APC,APAC AND CHINA,IN0,INDIA,,,AHMEDABAD,IN0,,1,,,,
AK1,NOK,,,EUO,EUROPE,NO0,NORWAY,,,Sandvika,NO0,,1,,,,
AL,EUR,,35500,120000,Europe,122000,South-East (SE),YUGAL,Other South Eastern Europe Countries,Albania,YUGAL,,1,,,,
AL1,KZT,,,EMI,EMIA,KZ0,KAZAKHSTAN,,,ALMATY,KZ0,,1,,,,
AM,USD,,37400,130000,International Markets,130200,"Russia, Kazakhstan, Turkey and CIS",OCIS,Other CIS,Armenia,OCIS,,1,,,,
AM1,EUR,,,EUO,EUROPE,NL0,NETHERLANDS,,,AMSTERDAM,NL0,,1,,,,
AM2,INR,,,APC,APAC AND CHINA,IN0,INDIA,,,AMBERNATH (ACTAVIS),IN0,AH1,2,,,,
AN,USD,,59900,130000,International Markets,130500,Latin America,OLATAM,Other Latam countries,Netherlands Antilles,OLATAM,,1,,,,
AP1,EUR,,,EUO,EUROPE,GR0,GREECE,,,ASPROPYRGOS,GR0,,1,,,,
AP2,,,,,,,,,,THIRD PARTY APAC (COUNTRY),APC,,1,,,,
AP3,USD,,,APC,APAC AND CHINA,AP2,THIRD PARTY APAC (COUNTRY),,,THIRD PARTY APAC (CITY),AP2,,1,,,,
AP8,USD,,,APC,APAC AND CHINA,AP9,UNASSIGNED SITES APAC (COUNTRY),,,UNASSIGNED SITES APAC (CITY),AP9,,1,,,,
AP9,,,,,,,,,,UNASSIGNED SITES APAC (COUNTRY),APC,AP2,2,,,,
APC,,,,,,,,,,APAC AND CHINA,200000,,1,,,,
AR,ARS,,05400,130000,International Markets,130500,Latin America,05400,Argentina,Argentina.,05400,,1,,,,
AR0,,,,,,,,,,ARGENTINA,LAT,,1,,,,
AS1,ILS,,,EMI,EMIA,IL0,ISRAEL,,,ASHDOD,IL0,,1,,,,
AT,EUR,,04300,120000,Europe,121000,North-West (NW),04300,Austria,Austria.,04300,,1,,,,
AT0,,,,,,,,,,AUSTRIA,EUO,,1,,,,
AT1,EUR,,,EUO,EUROPE,GR0,GREECE,,,ATHENS (ACTAVIS),GR0,AP1,2,,,,
AU,AUD,,06100,130000,International Markets,130400,APAC,06100,Australia,Australia.,06100,,1,,,,
AU0,,,,,,,,,,AUSTRALIA,APC,AP9,3,,,,
AY1,THB,,,APC,APAC AND CHINA,TH0,THAILAND,,,AYUTTHAYA (ACTAVIS),TH0,,1,,,,
AZ,USD,,99400,130000,International Markets,130200,"Russia, Kazakhstan, Turkey and CIS",OCIS,Other CIS,Azerbaijan,OCIS,AM,2,,,,
BA,EUR,,38700,120000,Europe,122000,South-East (SE),38700,Bosnia and Herzegovina,Bosnia + Herzegovina,38700,,1,,,,
BC1,RON,,,EUO,EUROPE,RO0,ROMANIA,,,BUCHAREST,RO0,,1,,,,
BC2,RON,,,EUO,EUROPE,RO0,ROMANIA,,,EU BUCHAREST (ACTAVIS),RO0,BC1,2,,,,
BD,USD,,88000,130000,International Markets,130400,APAC,88000,Bangladesh,Bangladesh,88000,,1,,,,
BE,EUR,,03200,120000,Europe,121000,North-West (NW),03200,Belgium and Luxembourg,Belgium,03200,,1,,,,
BE0,,,,,,,,,,BELGIUM,EUO,AT0,2,,,,
BE1,USD,,,NAM,NORTH AMERICA,BM0,BERMUDA,,,BERMUDA,BM0,,1,,,,
BG,BGN,,35900,120000,Europe,122000,South-East (SE),35900,Bulgaria,Bulgaria.,35900,,1,,,,
BG0,,,,,,,,,,BULGARIA,EUO,BE0,3,,,,
BG1,EUR,,,EUO,EUROPE,IT0,ITALY,,,BULCIAGO,IT0,,1,,,,
BH,USD,,97300,130000,International Markets,130300,"Israel, Ukraine, Africa and MEA",OMENA,MEA,Bahrain,OMENA,AE,2,,,,
BH0,,,,,,,,,,BOSNIA AND HERZEGOVINA,EUO,BG0,4,,,,
BI1,EUR,,,EUO,EUROPE,DE0,GERMANY,,,BERLIN,DE0,,1,,,,
BJ,USD,,22900,130000,International Markets,130300,"Israel, Ukraine, Africa and MEA",OMENA,MEA,Benin,OMENA,BH,3,,,,
BL1,CHF,,,EUO,EUROPE,CH0,SWITZERLAND,,,BASEL,CH0,,1,,,,
BL2,EUR,,,EUO,EUROPE,IE0,IRELAND,,,BALDOYLE (ACTAVIS),IE0,,1,,,,
BL3,RSD,,,EUO,EUROPE,SB0,SERBIA,,,BELGRADE (ACTAVIS),SB0,,1,,,,
BM0,,,,,,,,,,BERMUDA,NAM,,1,,,,
BN,USD,,67300,130000,International Markets,130400,APAC,OASIA,Other Asia Region,Brunei Darussalam,OASIA,,1,,,,
BN1,USD,,,NAM,NORTH AMERICA,US0,UNITED STATES,,,BROOKLYN,US0,AD1,2,,,,
BN2,THB,,,APC,APAC AND CHINA,TH0,THAILAND,,,BANGKOK (ACTAVIS),TH0,AY1,2,,,,
BN3,INR,,,APC,APAC AND CHINA,IN0,INDIA,,,AP BANGALORE (ACTAVIS),IN0,AM2,3,,,,
BN4,INR,,,APC,APAC AND CHINA,IN0,INDIA,,,TEVAPHARM BANGALORE IT,IN0,BN3,4,,,,
BO,USD,,59100,130000,International Markets,130500,Latin America,OLATAM,Other Latam countries,Bolivia,OLATAM,AN,2,,,,
BO1,USD,,,NAM,NORTH AMERICA,US0,UNITED STATES,,,BOSTON,US0,BN1,3,,,,
BO2,COP,,,LAT,LATIN AMERICA,CO0,COLOMBIA,,,BOGOTA,CO0,,1,,,,
BR,BRL,,05500,130000,International Markets,130500,Latin America,05500,Brazil,Brazil.,05500,,1,,,,
BR0,,,,,,,,,,BRAZIL,LAT,AR0,2,,,,
BR1,EUR,,,EUO,EUROPE,SK0,SLOVAKIA,,,BRATISLAVA,SK0,,1,,,,
BR3,GBP,,,EUO,EUROPE,GB0,UNITED KINGDOM,,,BARNSTAPLE (ACTAVIS),GB0,,1,,,,
BS1,INR,,,APC,APAC AND CHINA,IN0,INDIA,,,BANGALORE,IN0,BN4,5,,,,
BS2,INR,,,APC,APAC AND CHINA,IN0,INDIA,,,BANGALORE GBS,IN0,BS1,6,,,,
BT,USD,,97500,130000,International Markets,130400,APAC,OASIA,Other Asia Region,Bhutan,OASIA,BN,2,,,,
BU1,HUF,,,EUO,EUROPE,HU0,HUNGARY,,,BUDAPEST,HU0,,1,,,,
BV0,,,,,,,,,,BRITISH VIRGIN ISLANDS,NAM,BM0,2,,,,
BV1,USD,,,NAM,NORTH AMERICA,BV0,BRITISH VIRGIN ISLANDS,,,TORTOLA,BV0,,1,,,,
BY,USD,,37500,130000,International Markets,130200,"Russia, Kazakhstan, Turkey and CIS",OCIS,Other CIS,Belarus.,OCIS,AZ,3,,,,
BY0,,,,,,,,,,BELARUS,EMI,,1,,,,
BZ,USD,,50100,130000,International Markets,130500,Latin America,OLATAM,Other Latam countries,Belize,OLATAM,BO,3,,,,
BZ1,EUR,,,EUO,EUROPE,MT0,MALTA,,,BIRZEBBUGIA (ACTAVIS),MT0,,1,,,,
C1,USD,,99012,190000,Other Markets,190100,Other Markets,99012,CMO Allocation market,CMO Allocation market,99012,,1,,,,
C2,CNY,,08800,130000,International Markets,130700,Greater China,08600,China,China Shanghai,08600,,1,,,,
C3,CNY,,08700,130000,International Markets,130700,Greater China,08600,China,China Beijing,08600,C2,2,,,,
CA,CAD,,00200,130000,International Markets,130900,Canada,00200,Canada.,Canada.,00200,,1,,,,
CA0,,,,,,,,,,CANADA,NAM,BV0,3,,,,
CA1,EUR,,,EUO,EUROPE,IT0,ITALY,,,CARONNO,IT0,BG1,2,,,,
CD1,USD,,,NAM,NORTH AMERICA,PR0,PUERTO RICO,,,CIDRA,PR0,,1,,,,
CG1,CAD,,,NAM,NORTH AMERICA,CA0,CANADA,,,CANADA GENERAL,CA0,,1,,,,
CH,CHF,,04100,120000,Europe,121000,North-West (NW),04100,Switzerland,Switzerland.,04100,,1,,,,
CH0,,,,,,,,,,SWITZERLAND,EUO,BH0,5,,,,
CH1,INR,,,APC,APAC AND CHINA,IN0,INDIA,,,CHENNAI (ACTAVIS),IN0,BS2,7,,,,
CI1,USD,,,NAM,NORTH AMERICA,US0,UNITED STATES,,,CINCINNATI,US0,BO1,4,,,,
CL,CLP,,05600,130000,International Markets,130500,Latin America,05600,Chile,Chile.,05600,,1,,,,
CL0,,,,,,,,,,CHILE,LAT,BR0,3,,,,
CM1,USD,,,NAM,NORTH AMERICA,US0,UNITED STATES,,,CAMBRIDGE,US0,CI1,5,,,,
CN,CNY,,08600,130000,International Markets,130700,Greater China,08600,China,China.,08600,C3,3,,,,
CN0,,,,,,,,,,CHINA,APC,AU0,4,,,,
CO,COP,,05700,130000,International Markets,130500,Latin America,05700,Colombia,Colombia.,05700,,1,,,,
CO0,,,,,,,,,,COLOMBIA,LAT,CL0,4,,,,
CO2,USD,,,CON,CONSOLIDATION (REGION),CO9,CONSOLIDATION (COUNTRY),,,Major Sites Topside,CO9,,1,,,,
CO3,USD,,,CON,CONSOLIDATION (REGION),CO9,CONSOLIDATION (COUNTRY),,,EU steriles & respiratory Topside,CO9,CO2,2,,,,
CO4,USD,,,CON,CONSOLIDATION (REGION),CO9,CONSOLIDATION (COUNTRY),,,EU India & LATAM Solids & LCO Topside,CO9,CO3,3,,,,
CO5,USD,,,CON,CONSOLIDATION (REGION),CO9,CONSOLIDATION (COUNTRY),,,North America Topside,CO9,CO4,4,,,,
CO6,USD,,,CON,CONSOLIDATION (REGION),CO9,CONSOLIDATION (COUNTRY),,,Internal Manufacturing HQ. Topside,CO9,CO5,5,,,,
CO8,USD,,,CON,CONSOLIDATION (REGION),CO9,CONSOLIDATION (COUNTRY),,,CONSOLIDATION (CITY),CO9,CO6,6,,,,
CO9,,,,,,,,,,CONSOLIDATION (COUNTRY),CON,,1,,,,
CON,,,,,,,,,,CONSOLIDATION (REGION),200000,APC,2,,,,
CR,USD,,50600,130000,International Markets,130500,Latin America,OLATAM,Other Latam countries,Costa Rica,OLATAM,BZ,4,,,,
CR1,USD,,,NAM,NORTH AMERICA,US0,UNITED STATES,,,CORONA,US0,CM1,6,,,,
CU,USD,,05300,130000,International Markets,130500,Latin America,OLATAM,Other Latam countries,Cuba,OLATAM,CR,5,,,,
CU1,USD,,,NAM,NORTH AMERICA,CW0,CURACAO,,,CURACAO,CW0,,1,,,,
CW,EUR,,78600,120000,Europe,121000,North-West (NW),03100,The Netherlands,Curacao,03100,,1,,,,
CW0,,,,,,,,,,CURACAO,NAM,CA0,4,,,,
CY,EUR,,35700,120000,Europe,122000,South-East (SE),03000,Greece and Cyprus,Cyprus,03000,,1,,,,
CZ,CZK,,42000,120000,Europe,122000,South-East (SE),42000,Czech Republic,Czech Republic.,42000,,1,,,,
CZ0,,,,,,,,,,CZECH REPUBLIC,EUO,CH0,6,,,,
DA1,USD,,,NAM,NORTH AMERICA,US0,UNITED STATES,,,DAVIE,US0,CR1,7,,,,
DB1,HUF,,,EUO,EUROPE,HU0,HUNGARY,,,DEBRECEN,HU0,BU1,2,,,,
DB2,EUR,,,EUO,EUROPE,IE0,IRELAND,,,DUBLIN (ACTAVIS),IE0,BL2,2,,,,
DE,EUR,,04900,120000,Europe,121000,North-West (NW),04900,Germany,Germany.,04900,,1,,,,
DE0,,,,,,,,,,GERMANY,EUO,CZ0,7,,,,
DK,DKK,,04500,120000,Europe,121000,North-West (NW),04500,Denmark,Denmark.,04500,,1,,,,
DK0,,,,,,,,,,DENMARK,EUO,DE0,8,,,,
DN1,EUR,,,EUO,EUROPE,IE0,IRELAND,,,DUNDALK (ACTAVIS),IE0,DB2,3,,,,
DO,USD,,80900,130000,International Markets,130500,Latin America,OLATAM,Other Latam countries,Dominican Republic,OLATAM,CU,6,,,,
DP1,BGN,,,EUO,EUROPE,BG0,BULGARIA,,,DUPNITSA (ACTAVIS),BG0,,1,,,,
E01,EUR,,,EUO,EUROPE,EU2,THIRD PARTY EUROPE (COUNTRY),,,THIRD PARTY TPIG (CITY),EU2,,1,,,,
E03,EUR,,,EUO,EUROPE,EU2,THIRD PARTY EUROPE (COUNTRY),,,THIRD PARTY ULM (CITY),EU2,E01,2,,,,
E05,EUR,,,EUO,EUROPE,EU2,THIRD PARTY EUROPE (COUNTRY),,,THIRD PARTY ACTAVIS INERNATIONAL (CITY),EU2,E03,3,,,,
E07,EUR,,,EUO,EUROPE,EU2,THIRD PARTY EUROPE (COUNTRY),,,THIRD PARTY TEVA SANTE(CITY),EU2,E05,4,,,,
E1,EUR,,99025,120000,Europe,120900,Total Europe HQ,99025,Europe HQ,Europe HQ.,99025,,1,,,,
E2,EUR,,ABALT,120000,Europe,121000,North-West (NW),OBALT,"Baltic States (Estonia, Latvia, Lithuania)",Baltic States Adjustments,OBALT,,1,,,,
E3,EUR,,99003,120000,Europe,120800,EU above markets,OEUROPE,European country not assigned,Europe not Assigned,OEUROPE,,1,,,,
E4,EUR,,99007,120000,Europe,120900,Total Europe HQ,OCEU,Central and Eastern Europe - Overhead,Central Eastern Europe Not Assigned,OCEU,,1,,,,
E5,EUR,,YUGAL,120000,Europe,122000,South-East (SE),YUGAL,Other South Eastern Europe Countries,Other South Eastern Europe Countries.,YUGAL,AL,2,,,,
E6,EUR,,99005,120000,Europe,120800,EU above markets,OEUROPE,European country not assigned,Northern Europe Not Assigned,OEUROPE,E3,2,,,,
E7,EUR,,AEURO,120000,Europe,120800,EU above markets,OEUROPE,European country not assigned,Europe not Assigned Adjustments,OEUROPE,E6,3,,,,
E8,EUR,,99020,120000,Europe,120800,EU above markets,99020,EU COMMOPS Functions,EU COMMOPS Functions,99020,,1,,,,
EA1,USD,,,NAM,NORTH AMERICA,US0,UNITED STATES,,,EAST HANOVER,US0,DA1,8,,,,
EC,USD,,59300,130000,International Markets,130500,Latin America,OLATAM,Other Latam countries,Ecuador,OLATAM,DO,7,,,,
ED1,USD,,,NAM,NORTH AMERICA,US0,UNITED STATES,,,EDISON,US0,EA1,9,,,,
EE,EUR,,37200,120000,Europe,121000,North-West (NW),OBALT,"Baltic States (Estonia, Latvia, Lithuania)",Estonia,OBALT,E2,2,,,,
EG,USD,,02000,130000,International Markets,130300,"Israel, Ukraine, Africa and MEA",OMENA,MEA,Egypt,OMENA,BJ,4,,,,
EL1,USD,,,NAM,NORTH AMERICA,US0,UNITED STATES,,,ELIZABETH,US0,ED1,10,,,,
EM2,,,,,,,,,,THIRD PARTY EMIA (COUNTRY),EMI,BY0,2,,,,
EM3,USD,,,EMI,EMIA,EM2,THIRD PARTY EMIA (COUNTRY),,,THIRD PARTY EMIA (CITY),EM2,,1,,,,
EM8,USD,,,EMI,EMIA,EM9,UNASSIGNED SITES EMIA (COUNTRY),,,UNASSIGNED SITES EMIA (CITY),EM9,,1,,,,
EM9,,,,,,,,,,UNASSIGNED SITES EMIA (COUNTRY),EMI,EM2,3,,,,
EMI,,,,,,,,,,EMIA,200000,CON,3,,,,
ES,EUR,,03400,120000,Europe,122000,South-East (SE),03400,Spain,Spain.,03400,AD,2,,,,
ES0,,,,,,,,,,SPAIN,EUO,DK0,9,,,,
ES1,EUR,,,EUO,EUROPE,FI0,FINLAND,,,ESPOO,FI0,,1,,,,
ES2,EUR,,,EUO,EUROPE,FI0,FINLAND,,,ESPOO (ACTAVIS),FI0,ES1,2,,,,
ET1,GBP,,,EUO,EUROPE,GB0,UNITED KINGDOM,,,EASTBOURNE,GB0,BR3,2,,,,
EU2,,,,,,,,,,THIRD PARTY EUROPE (COUNTRY),EUO,ES0,10,,,,
EU3,EUR,,,EUO,EUROPE,EU2,THIRD PARTY EUROPE (COUNTRY),,,THIRD PARTY EUROPE (CITY),EU2,E07,5,,,,
EU8,EUR,,,EUO,EUROPE,EU9,UNASSIGNED SITES EUROPE (COUNTRY),,,UNASSIGNED SITES EUROPE (CITY),EU9,,1,,,,
EU9,,,,,,,,,,UNASSIGNED SITES EUROPE (COUNTRY),EUO,EU2,11,,,,
EUO,,,,,,,,,,EUROPE,200000,EMI,4,,,,
FA1,USD,,,NAM,NORTH AMERICA,US0,UNITED STATES,,,FAIRFIELD,US0,EL1,11,,,,
FA2,USD,,,NAM,NORTH AMERICA,PR0,PUERTO RICO,,,FAJARDO,PR0,CD1,2,,,,
FI,EUR,,35800,120000,Europe,121000,North-West (NW),35800,Finland,Finland.,35800,,1,,,,
FI0,,,,,,,,,,FINLAND,EUO,EU9,12,,,,
FO1,USD,,,NAM,NORTH AMERICA,US0,UNITED STATES,,,FOREST,US0,FA1,12,,,,
FR,EUR,,03300,120000,Europe,122000,South-East (SE),03300,France,France.,03300,,1,,,,
FR0,,,,,,,,,,FRANCE,EUO,FI0,13,,,,
FR1,USD,,,NAM,NORTH AMERICA,US0,UNITED STATES,,,FRAZER,US0,FO1,13,,,,
G1,USD,,99075,130000,International Markets,130100,IM - HQ,99075,IM HQ,IM HQ.,99075,,1,,,,
G3,USD,,ACEAX,130000,International Markets,130200,"Russia, Kazakhstan, Turkey and CIS",OCIS,Other CIS,Central Asia Adjustments,OCIS,BY,4,,,,
G5,USD,,99013,130000,International Markets,130300,"Israel, Ukraine, Africa and MEA",OMENA,MEA,MEDITERRANEAN AFRICA,OMENA,EG,5,,,,
G6,USD,,AMENA,130000,International Markets,130300,"Israel, Ukraine, Africa and MEA",OMENA,MEA,Other MENA Adjustments,OMENA,G5,6,,,,
G7,USD,,AAFRI,130000,International Markets,130300,"Israel, Ukraine, Africa and MEA",OMENA,MEA,Other Africa Adjustments,OMENA,G6,7,,,,
G8,USD,,99001,190000,Other Markets,190100,Other Markets,99001,Israel HQ,Israel HQ.,99001,,1,,,,
G9,USD,,99072,130000,International Markets,130400,APAC,99072,APAC HQ,APAC HQ.,99072,,1,,,,
GA1,INR,,,APC,APAC AND CHINA,IN0,INDIA,,,GAJRAULA,IN0,CH1,8,,,,
GB,GBP,,04400,120000,Europe,121000,North-West (NW),04400,United Kingdom,United Kingdom.,04400,,1,,,,
GB0,,,,,,,,,,UNITED KINGDOM,EUO,FR0,14,,,,
GD1,HUF,,,EUO,EUROPE,HU0,HUNGARY,,,GODOLLO,HU0,DB1,3,,,,
GE,USD,,99500,130000,International Markets,130200,"Russia, Kazakhstan, Turkey and CIS",OCIS,Other CIS,Georgia,OCIS,G3,5,,,,
GF,EUR,,59400,120000,Europe,122000,South-East (SE),03300,France,French Guiana,03300,FR,2,,,,
GG,GBP,,04403,120000,Europe,121000,North-West (NW),04400,United Kingdom,Guernsey,04400,GB,2,,,,
GH,USD,,23300,130000,International Markets,130300,"Israel, Ukraine, Africa and MEA",OMENA,MEA,Ghana,OMENA,G7,8,,,,
GL1,USD,,,NAM,NORTH AMERICA,US0,UNITED STATES,,,GLADES,US0,FR1,14,,,,
GN,USD,,99100,130000,International Markets,130300,"Israel, Ukraine, Africa and MEA",OMENA,MEA,Guinea,OMENA,GH,9,,,,
GO1,INR,,,APC,APAC AND CHINA,IN0,INDIA,,,GOA1 PHARM PRODUCTION,IN0,GA1,9,,,,
GO2,INR,,,APC,APAC AND CHINA,IN0,INDIA,,,GOA2 SUBCONTRACTOR,IN0,GO1,10,,,,
GO3,INR,,,APC,APAC AND CHINA,IN0,INDIA,,,GOA (ACTAVIS),IN0,GO2,11,,,,
GO4,INR,,,APC,APAC AND CHINA,IN0,INDIA,,,VERNA GOA,IN0,GO3,12,,,,
GP,EUR,,59000,120000,Europe,122000,South-East (SE),03300,France,Guadeloupe,03300,GF,3,,,,
GR,EUR,,03000,120000,Europe,122000,South-East (SE),03000,Greece and Cyprus,Greece,03000,CY,2,,,,
GR0,,,,,,,,,,GREECE,EUO,GB0,15,,,,
GT,USD,,50200,130000,International Markets,130500,Latin America,OLATAM,Other Latam countries,Guatemala,OLATAM,EC,8,,,,
GU1,USD,,,NAM,NORTH AMERICA,PR0,PUERTO RICO,,,GUAYAMA,PR0,FA2,3,,,,
GU2,USD,,,NAM,NORTH AMERICA,US0,UNITED STATES,,,GURNEE,US0,GL1,15,,,,
GU3,USD,,,NAM,NORTH AMERICA,US0,UNITED STATES,,,GURNEE TGO(ACTAVIS),US0,GU2,16,,,,
HA1,GBP,,,EUO,EUROPE,GB0,UNITED KINGDOM,,,HARLOW,GB0,ET1,3,,,,
HE1,SEK,,,EUO,EUROPE,SE0,SWEDEN,,,HELSINGBORG,SE0,,1,,,,
HF1,EUR,,,EUO,EUROPE,IS0,ICELAND,,,HAFNARFJORDUR (ACTAVIS),IS0,,1,,,,
HH1,USD,,,NAM,NORTH AMERICA,US0,UNITED STATES,,,HACKENSACH,US0,GU3,17,,,,
HK,USD,,85200,130000,International Markets,130700,Greater China,85200,Hong Kong,Hong Kong.,85200,,1,,,,
HK0,,,,,,,,,,HONG KONG,APC,CN0,5,,,,
HK1,HKD,,,APC,APAC AND CHINA,HK0,HONG KONG,,,HONG KONG (ACTAVIS),HK0,,1,,,,
HN,USD,,50400,130000,International Markets,130500,Latin America,OLATAM,Other Latam countries,Honduras,OLATAM,GT,9,,,,
HO1,EUR,,,APC,APAC AND CHINA,VN0,VIETNAM,,,Ho Chi Min,VN0,,1,,,,
HR,EUR,,38500,120000,Europe,122000,South-East (SE),38500,Croatia,Croatia.,38500,,1,,,,
HR0,,,,,,,,,,CROATIA,EUO,GR0,16,,,,
HR1,EUR,,,EUO,EUROPE,NL0,NETHERLANDS,,,HAARLEM,NL0,AM1,2,,,,
HU,HUF,,03600,120000,Europe,122000,South-East (SE),03600,Hungary,Hungary.,03600,,1,,,,
HU0,,,,,,,,,,HUNGARY,EUO,HR0,17,,,,
HZ1,CNY,,,APC,APAC AND CHINA,CN0,CHINA,,,HANGZHOU,CN0,,1,,,,
ID,IDR,,06200,130000,International Markets,130400,APAC,06200,Indonesia,Indonesia.,06200,,1,,,,
ID0,,,,,,,,,,INDONESIA,APC,HK0,6,,,,
ID1,INR,,,APC,APAC AND CHINA,IN0,INDIA,,,INDORE,IN0,GO4,13,,,,
IE,EUR,,35300,120000,Europe,121000,North-West (NW),35300,Ireland,Ireland.,35300,,1,,,,
IE0,,,,,,,,,,IRELAND,EUO,HU0,18,,,,
IL,ILS,,97200,130000,International Markets,130300,"Israel, Ukraine, Africa and MEA",97200,Israel,Israel.,97200,,1,,,,
IL0,,,,,,,,,,ISRAEL,EMI,EM9,4,,,,
IM,GBP,,04200,120000,Europe,121000,North-West (NW),04400,United Kingdom,Isle of Man,04400,GG,3,,,,
IN,INR,,09100,130000,International Markets,130400,APAC,09100,India,India.,09100,,1,,,,
IN0,,,,,,,,,,INDIA,APC,ID0,7,,,,
IN1,MXN,,,LAT,LATIN AMERICA,MX0,MEXICO,,,INTERLOMAS,MX0,,1,,,,
IQ,USD,,96400,130000,International Markets,130300,"Israel, Ukraine, Africa and MEA",OMENA,MEA,Iraq,OMENA,GN,10,,,,
IR1,USD,,,NAM,NORTH AMERICA,US0,UNITED STATES,,,IRVINE,US0,HH1,18,,,,
IS,ISK,,35400,120000,Europe,121000,North-West (NW),35400,Iceland,Iceland.,35400,,1,,,,
IS0,,,,,,,,,,ICELAND,EUO,IE0,19,,,,
IS1,TRY,,,EMI,EMIA,TR0,TURKEY,,,ISTANBUL,TR0,,1,,,,
IS2,GBP,,,EUO,EUROPE,GB0,UNITED KINGDOM,,,ISLE OF MAN DOUGLAS (ACTAVIS),GB0,HA1,4,,,,
IT,EUR,,03900,120000,Europe,122000,South-East (SE),03900,Italy,Italy.,03900,,1,,,,
IT0,,,,,,,,,,ITALY,EUO,IS0,20,,,,
JA1,MXN,,,LAT,LATIN AMERICA,MX0,MEXICO,,,JALISCO,MX0,IN1,2,,,,
JAK,,,,,,,,,,JAPAN KOREA,200000,EUO,5,,,,
JE1,ILS,,,EMI,EMIA,IL0,ISRAEL,,,JERUSALEM,IL0,AS1,2,,,,
JH1,ZAR,,,EMI,EMIA,SA0,SOUTH AFRICA,,,JOHANNESBURG (ACTAVIS),SA0,,1,,,,
JK1,IDR,,,APC,APAC AND CHINA,ID0,INDONESIA,,,JAKARTA (ACTAVIS),ID0,,1,,,,
JK8,JPY,,,JAK,JAPAN KOREA,JK9,UNASSIGNED SITE JAPAN KOREA (COUNTRY),,,UNASSIGNED SITE JAPAN KOREA (CITY),JK9,,1,,,,
JK9,,,,,,,,,,UNASSIGNED SITE JAPAN KOREA (COUNTRY),JAK,,1,,,,
JO,USD,,96200,130000,International Markets,130300,"Israel, Ukraine, Africa and MEA",OMENA,MEA,Jordan,OMENA,IQ,11,,,,
JP,JPY,,08100,130000,International Markets,130400,APAC,08100,Japan,Japan.,08100,,1,,,,
JP0,,,,,,,,,,JAPAN,JAK,JK9,2,,,,
KA1,USD,,,NAM,NORTH AMERICA,US0,UNITED STATES,,,KANSAS,US0,IR1,19,,,,
KA2,USD,,,NAM,NORTH AMERICA,US0,UNITED STATES,,,KANSAS PHA,US0,KA1,20,,,,
KB1,ILS,,,EMI,EMIA,IL0,ISRAEL,,,KFAR SABA,IL0,JE1,3,,,,
KE,USD,,25400,130000,International Markets,130300,"Israel, Ukraine, Africa and MEA",OMENA,MEA,Kenya,OMENA,JO,12,,,,
KE1,JPY,,,JAK,JAPAN KOREA,JP0,JAPAN,,,KASUKABE,JP0,,1,,,,
KG,USD,,99600,130000,International Markets,130200,"Russia, Kazakhstan, Turkey and CIS",OCIS,Other CIS,Kyrgyzstan,OCIS,GE,6,,,,
KI2,ILS,,,EMI,EMIA,IL0,ISRAEL,,,KIRYAT ATA,IL0,KB1,4,,,,
KL1,MYR,,,APC,APAC AND CHINA,MY0,MALASYA,,,KUALA LUMPUR (ACTAVIS),MY0,,1,,,,
KO1,JPY,,,JAK,JAPAN KOREA,JP0,JAPAN,,,KOKA,JP0,KE1,2,,,,
KR,KRW,,08200,130000,International Markets,130400,APAC,08200,South Korea,South Korea.,08200,,1,,,,
KR0,,,,,,,,,,South Korea,JAK,JP0,3,,,,
KR1,PLN,,,EUO,EUROPE,PL0,POLAND,,,KRAKOW,PL0,,1,,,,
KS1,ILS,,,EMI,EMIA,IL0,ISRAEL,,,KIRYAT SHMONA,IL0,KI2,5,,,,
KU1,PLN,,,EUO,EUROPE,PL0,POLAND,,,KUTNO,PL0,KR1,2,,,,
KV1,UAH,,,EMI,EMIA,UA0,UKRAINE,,,KIEV,UA0,,1,,,,
KW,USD,,96500,130000,International Markets,130300,"Israel, Ukraine, Africa and MEA",OMENA,MEA,Kuwait,OMENA,KE,13,,,,
KY,USD,,34500,130000,International Markets,130500,Latin America,OLATAM,Other Latam countries,Cayman Islands,OLATAM,HN,10,,,,
KZ,KZT,,00751,130000,International Markets,130200,"Russia, Kazakhstan, Turkey and CIS",00751,Kazakhstan,Kazakhstan.,00751,,1,,,,
KZ0,,,,,,,,,,KAZAKHSTAN,EMI,IL0,5,,,,
LA1,PEN,,,LAT,LATIN AMERICA,PE0,PERU,,,LIMA,PE0,,1,,,,
LA8,USD,,,LAT,LATIN AMERICA,LA9,UNASSIGNED SITES LATIN AMERICA (COUNTRY),,,UNASSIGNED SITES LATIN AMERICA (CITY),LA9,,1,,,,
LA9,,,,,,,,,,UNASSIGNED SITES LATIN AMERICA (COUNTRY),LAT,CO0,5,,,,
LAT,,,,,,,,,,LATIN AMERICA,200000,JAK,6,,,,
LD1,EUR,,,EUO,EUROPE,FR0,FRANCE,,,DEFENSE (ACTAVIS),FR0,,1,,,,
LE1,GBP,,,EUO,EUROPE,GB0,UNITED KINGDOM,,,LEEDS,GB0,IS2,5,,,,
LF1,USD,,,NAM,NORTH AMERICA,US0,UNITED STATES,,,LAKE FOREST,US0,KA2,21,,,,
LG1,CHF,,,EUO,EUROPE,CH0,SWITZERLAND,,,LUGANO,CH0,BL1,2,,,,
LI1,EUR,,,EUO,EUROPE,PT0,PORTUGAL,,,LISBON,PT0,,1,,,,
LJ1,EUR,,,EUO,EUROPE,SL0,SLOVENIA,,,LJUBLJANA,SL0,,1,,,,
LK,USD,,09400,130000,International Markets,130400,APAC,OASIA,Other Asia Region,Sri Lanka,OASIA,BT,3,,,,
LL1,USD,,,NAM,NORTH AMERICA,US0,UNITED STATES,,,LA JOLLA,US0,LF1,22,,,,
LM1,MXN,,,LAT,LATIN AMERICA,MX0,MEXICO,,,LERMA,MX0,JA1,3,,,,
LO1,GBP,,,EUO,EUROPE,GB0,UNITED KINGDOM,,,LONDON,GB0,LE1,6,,,,
LR1,GBP,,,EUO,EUROPE,GB0,UNITED KINGDOM,,,LARNE (ACTAVIS),GB0,LO1,7,,,,
LS1,RSD,,,EUO,EUROPE,SB0,SERBIA,,,LESKOVAC (ACTAVIS),SB0,BL3,2,,,,
LT,EUR,,37000,120000,Europe,121000,North-West (NW),OBALT,"Baltic States (Estonia, Latvia, Lithuania)",Lithuania,OBALT,EE,3,,,,
LT0,,,,,,,,,,LITHUANIA,EUO,IT0,21,,,,
LU,EUR,,03500,120000,Europe,121000,North-West (NW),03200,Belgium and Luxembourg,Luxembourg,03200,BE,2,,,,
LU0,,,,,,,,,,LUXEMBOURG,EUO,LT0,22,,,,
LU1,EUR,,,EUO,EUROPE,LU0,LUXEMBOURG,,,LUXEMBOURG,LU0,,1,,,,
LV,EUR,,37100,120000,Europe,121000,North-West (NW),OBALT,"Baltic States (Estonia, Latvia, Lithuania)",Latvia,OBALT,LT,4,,,,
LY,USD,,21800,130000,International Markets,130300,"Israel, Ukraine, Africa and MEA",OMENA,MEA,Libyan Arab Jamahiriya,OMENA,KW,14,,,,
LY1,DKK,,,EUO,EUROPE,DK0,DENMARK,,,LYNGBY,DK0,,1,,,,
M1,USD,,AASIA,130000,International Markets,130400,APAC,OASIA,Other Asia Region,Other Asia Region Adjustments,OASIA,LK,4,,,,
M2,USD,,ALATA,130000,International Markets,130500,Latin America,OLATAM,Other Latam countries,Other LATAM Countries Adjustments,OLATAM,KY,11,,,,
M3,USD,,99074,130000,International Markets,130500,Latin America,99074,Latin America HQ,Latin America HQ.,99074,,1,,,,
M4,EUR,,99015,130000,International Markets,130800,Medis,99015,Medis,Medis,99015,,1,,,,
MA,USD,,21200,130000,International Markets,130300,"Israel, Ukraine, Africa and MEA",OMENA,MEA,Morocco,OMENA,LY,15,,,,
MA1,EUR,,,EUO,EUROPE,ES0,SPAIN,,,MADRID,ES0,,1,,,,
MA2,USD,,,NAM,NORTH AMERICA,PR0,PUERTO RICO,,,MANATI,PR0,GU1,4,,,,
MB,USD,,99009,190000,Other Markets,190100,Other Markets,99009,Medis Allocation market,Medis Allocation market,99009,,1,,,,
MB1,INR,,,APC,APAC AND CHINA,IN0,INDIA,,,MUMBAI,IN0,PU1,20,,,,
MB2,INR,,,APC,APAC AND CHINA,IN0,INDIA,,,AP MUMBAI (ACTAVIS),IN0,ID1,14,,,,
MB3,INR,,,APC,APAC AND CHINA,IN0,INDIA,,,Navi Mum - New MUMBAI,IN0,MB2,15,,,,
MB4,INR,,,APC,APAC AND CHINA,IN0,INDIA,,,NEW MUMBAI,IN0,MB3,16,,,,
MC,EUR,,37700,120000,Europe,122000,South-East (SE),03300,France,Monaco,03300,GP,4,,,,
MC0,,,,,,,,,,MONACO,EUO,LU0,23,,,,
MC1,CAD,,,NAM,NORTH AMERICA,CA0,CANADA,,,MARKHAM,CA0,CG1,2,,,,
MD,USD,,37300,130000,International Markets,130200,"Russia, Kazakhstan, Turkey and CIS",OCIS,Other CIS,Moldova.,OCIS,KG,7,,,,
ME,EUR,,38200,120000,Europe,122000,South-East (SE),38200,Montenegro,Montenegro,38200,,1,,,,
ME1,USD,,,NAM,NORTH AMERICA,US0,UNITED STATES,,,MEXICO,US0,LL1,23,,,,
ME2,MXN,,,LAT,LATIN AMERICA,MX0,MEXICO,,,MEXICO CITY,MX0,LM1,4,,,,
MI1,EUR,,,EUO,EUROPE,IT0,ITALY,,,MILAN,IT0,CA1,3,,,,
MI2,USD,,,NAM,NORTH AMERICA,US0,UNITED STATES,,,MIRAMAR,US0,ME1,24,,,,
MK,MKD,,38900,120000,Europe,122000,South-East (SE),38900,North Macedonia,North Macedonia,38900,,1,,,,
MK0,,,,,,,,,,MACEDONIA,EUO,MC0,24,,,,
MK1,JPY,,,JAK,JAPAN KOREA,JP0,JAPAN,,,MINAKUCHI,JP0,KO1,3,,,,
ML1,CAD,,,NAM,NORTH AMERICA,CA0,CANADA,,,MIRABEL,CA0,MC1,3,,,,
MM,USD,,09500,130000,International Markets,130400,APAC,OASIA,Other Asia Region,Myanmar,OASIA,M1,5,,,,
MM1,USD,,,NAM,NORTH AMERICA,US0,UNITED STATES,,,MIAMI,US0,MI2,25,,,,
MN,USD,,97600,130000,International Markets,130200,"Russia, Kazakhstan, Turkey and CIS",OCIS,Other CIS,Mongolia.,OCIS,MD,8,,,,
MN1,USD,,,NAM,NORTH AMERICA,US0,UNITED STATES,,,MONTVALE,US0,MM1,26,,,,
MO1,EUR,,,EUO,EUROPE,MC0,MONACO,,,MONACO,MC0,,1,,,,
MP1,CLP,,,LAT,LATIN AMERICA,CL0,CHILE,,,MAIPU,CL0,,1,,,,
MQ,EUR,,59600,120000,Europe,122000,South-East (SE),03300,France,Martinique,03300,MC,5,,,,
MR1,INR,,,APC,APAC AND CHINA,IN0,INDIA,,,MALANPUR,IN0,MB4,17,,,,
MS1,CAD,,,NAM,NORTH AMERICA,CA0,CANADA,,,MISSISSAUGA (ACTAVIS),CA0,ML1,4,,,,
MS2,USD,,,NAM,NORTH AMERICA,US0,UNITED STATES,,,OLIVE BRANCH,US0,MN1,27,,,,
MT,EUR,,35600,120000,Europe,122000,South-East (SE),35600,Malta,Malta.,35600,,1,,,,
MT0,,,,,,,,,,MALTA,EUO,MK0,25,,,,
MT1,CAD,,,NAM,NORTH AMERICA,CA0,CANADA,,,MONTREAL,CA0,MS1,5,,,,
MU,USD,,23000,130000,International Markets,130300,"Israel, Ukraine, Africa and MEA",OMENA,MEA,Mauritius,OMENA,MA,16,,,,
MU1,ARS,,,LAT,LATIN AMERICA,AR0,ARGENTINA,,,MUNRO,AR0,,1,,,,
MV1,UYU,,,LAT,LATIN AMERICA,UY0,URUGUAY,,,MONTEVIDEO,UY0,,1,,,,
MW1,RUB,,,EMI,EMIA,RU0,RUSSIA,,,MOSCOW,RU0,,1,,,,
MX,MXN,,05200,130000,International Markets,130500,Latin America,05200,Mexico,Mexico.,05200,,1,,,,
MX0,,,,,,,,,,MEXICO,LAT,LA9,6,,,,
MY,MYR,,06000,130000,International Markets,130400,APAC,06000,Malaysia,Malaysia.,06000,,1,,,,
MY0,,,,,,,,,,MALASYA,APC,IN0,8,,,,
MZ,USD,,25800,130000,International Markets,130300,"Israel, Ukraine, Africa and MEA",OMENA,MEA,Mozambique,OMENA,MU,17,,,,
N01,USD,,,NAM,NORTH AMERICA,NA2,THIRD PARTY NA (COUNTRY),,,THIRD PARTY US(CITY) (ACTAVIS),NA2,,1,,,,
N03,USD,,,NAM,NORTH AMERICA,NA2,THIRD PARTY NA (COUNTRY),,,THIRD PARTY CANADA (CITY),NA2,N01,2,,,,
N1,USD,,99040,110000,North America,110100,North America,99040,North America HQ,North America HQ.,99040,,1,,,,
NA,USD,,26400,130000,International Markets,130300,"Israel, Ukraine, Africa and MEA",OMENA,MEA,Namibia,OMENA,MZ,18,,,,
NA2,,,,,,,,,,THIRD PARTY NA (COUNTRY),NAM,CW0,5,,,,
NA3,USD,,,NAM,NORTH AMERICA,NA2,THIRD PARTY NA (COUNTRY),,,THIRD PARTY NA (CITY),NA2,N03,3,,,,
NA5,USD,,,NAM,NORTH AMERICA,NA2,THIRD PARTY NA (COUNTRY),,,THIRD PARTY US (CITY) (TEVA),NA2,NA3,4,,,,
NAM,,,,,,,,,,NORTH AMERICA,200000,LAT,7,,,,
NA_MT,,,,,,,,,,Unallocated to market,190100,99046,9,,,,
NB1,USD,,,NAM,NORTH AMERICA,US0,UNITED STATES,,,NEW BRITAIN,US0,MS2,28,,,,
NC,EUR,,68700,120000,Europe,122000,South-East (SE),03300,France,New Caledonia,03300,MQ,6,,,,
ND1,INR,,,APC,APAC AND CHINA,IN0,INDIA,,,NOIDA,IN0,MR1,18,,,,
NE1,EUR,,,EUO,EUROPE,FR0,FRANCE,,,NEVERS,FR0,LD1,2,,,,
NG,USD,,23400,130000,International Markets,130300,"Israel, Ukraine, Africa and MEA",OMENA,MEA,Nigeria,OMENA,NA,19,,,,
NG1,JPY,,,JAK,JAPAN KOREA,JP0,JAPAN,,,NAGOYA,JP0,MK1,4,,,,
NI,USD,,50500,130000,International Markets,130500,Latin America,OLATAM,Other Latam countries,Nicaragua,OLATAM,M2,12,,,,
NL,EUR,,03100,120000,Europe,121000,North-West (NW),03100,The Netherlands,The Netherlands.,03100,CW,2,,,,
NL0,,,,,,,,,,NETHERLANDS,EUO,MT0,26,,,,
NO,NOK,,04700,120000,Europe,121000,North-West (NW),04700,Norway,Norway.,04700,,1,,,,
NO0,,,,,,,,,,NORWAY,EUO,NL0,27,,,,
NO1,USD,,,NAM,NORTH AMERICA,US0,UNITED STATES,,,NORTHVALE,US0,NB1,29,,,,
NP,USD,,97700,130000,International Markets,130400,APAC,OASIA,Other Asia Region,Nepal,OASIA,MM,6,,,,
NR1,EUR,,,EUO,EUROPE,IT0,ITALY,,,NERVIANO (ACTAVIS),IT0,MI1,4,,,,
NS1,EUR,,,EMI,EMIA,BY0,BELARUS,,,MINSK,BY0,,1,,,,
NT1,ILS,,,EMI,EMIA,IL0,ISRAEL,,,NETANYA,IL0,KS1,6,,,,
NW1,USD,,,NAM,NORTH AMERICA,US0,UNITED STATES,,,NORTH WALES,US0,NO1,30,,,,
NY1,USD,,,NAM,NORTH AMERICA,US0,UNITED STATES,,,NEW  YORK,US0,NW1,31,,,,
NY2,USD,,,NAM,NORTH AMERICA,US0,UNITED STATES,,,COPIAGUE,US0,NY1,32,,,,
NY3,USD,,,NAM,NORTH AMERICA,US0,UNITED STATES,,,GRAND ISLAND,US0,NY2,33,,,,
NZ,NZD,,06400,130000,International Markets,130400,APAC,06400,New Zealand,New Zealand.,06400,,1,,,,
NZ0,,,,,,,,,,NEW ZEALAND,APC,MY0,9,,,,
OASIA,,,,,,,,,,Other Asia Region,130400,99072,15,,,,
OBALT,,,,,,,,,,"Baltic States (Estonia, Latvia, Lithuania)",121000,35800,13,,,,
OCEU,,,,,,,,,,Central and Eastern Europe - Overhead,120900,99025,2,,,,
OCIS,,,,,,,,,,Other CIS,130200,09000,4,,,,
OE1,EUR,,,EUO,EUROPE,PT0,PORTUGAL,,,OEIRAS,PT0,LI1,2,,,,
OEUROPE,,,,,,,,,,European country not assigned,120800,99020,2,,,,
OH1,USD,,,NAM,NORTH AMERICA,US0,UNITED STATES,,,GROVEPORT,US0,NY3,34,,,,
OLATAM,,,,,,,,,,Other Latam countries,130500,99074,10,,,,
OM,USD,,96800,130000,International Markets,130300,"Israel, Ukraine, Africa and MEA",OMENA,MEA,Oman,OMENA,NG,20,,,,
OMENA,,,,,,,,,,MEA,130300,97200,4,,,,
ONEUO,,,,,,,,,,Western Europe - Overhead,120900,OCEU,3,,,,
OP1,CZK,,,EUO,EUROPE,CZ0,CZECH REPUBLIC,,,OPAVA,CZ0,,1,,,,
OW1,USD,,,NAM,NORTH AMERICA,US0,UNITED STATES,,,OWINGS MILLS,US0,OH1,35,,,,
PA,USD,,50700,130000,International Markets,130500,Latin America,OLATAM,Other Latam countries,Panama,OLATAM,NI,13,,,,
PA0,,,,,,,,,,PANAMA,LAT,MX0,7,,,,
PA1,USD,,,LAT,LATIN AMERICA,PA0,PANAMA,,,PANAMA CITY,PA0,,1,,,,
PA2,USD,,,NAM,NORTH AMERICA,US0,UNITED STATES,,,PARSIPPANY,US0,OW1,36,,,,
PE,PEN,,05100,130000,International Markets,130500,Latin America,05100,Peru,Peru.,05100,,1,,,,
PE0,,,,,,,,,,PERU,LAT,PA0,8,,,,
PE2,USD,,,NAM,NORTH AMERICA,US0,UNITED STATES,,,GREAT VALLEY,US0,PA2,37,,,,
PE3,USD,,,NAM,NORTH AMERICA,US0,UNITED STATES,,,PENNSYLVANIA Malvern,US0,PE2,38,,,,
PE4,USD,,,NAM,NORTH AMERICA,US0,UNITED STATES,,,PENNSYLVANIA Horsham,US0,PE3,39,,,,
PE5,USD,,,NAM,NORTH AMERICA,US0,UNITED STATES,,,PENNSYLVANIA Wind Gap,US0,PE4,40,,,,
PF,EUR,,68900,120000,Europe,122000,South-East (SE),03300,France,French Polynesia,03300,NC,7,,,,
PH,USD,,06300,130000,International Markets,130400,APAC,06300,Philippines,Philippines.,06300,,1,,,,
PK,USD,,09200,130000,International Markets,130400,APAC,09200,Pakistan,Pakistan,09200,,1,,,,
PL,PLN,,04800,120000,Europe,122000,South-East (SE),04800,Poland,Poland.,04800,,1,,,,
PL0,,,,,,,,,,POLAND,EUO,NO0,28,,,,
PM,EUR,,50800,120000,Europe,122000,South-East (SE),03300,France,Saint Pierre and Miquelon,03300,PF,8,,,,
PN1,USD,,,NAM,NORTH AMERICA,US0,UNITED STATES,,,PRINCETON,US0,PE5,41,,,,
PO1,USD,,,NAM,NORTH AMERICA,US0,UNITED STATES,,,POMONA,US0,PN1,42,,,,
PR,USD,,78700,110000,North America,110100,North America,78700,Puerto Rico,Puerto Rico.,78700,,1,,,,
PR0,,,,,,,,,,PUERTO RICO,NAM,NA2,6,,,,
PR1,CZK,,,EUO,EUROPE,CZ0,CZECH REPUBLIC,,,PRAGUE,CZ0,OP1,2,,,,
PT,EUR,,35100,120000,Europe,122000,South-East (SE),35100,Portugal,Portugal.,35100,,1,,,,
PT0,,,,,,,,,,PORTUGAL,EUO,PL0,29,,,,
PT1,ILS,,,EMI,EMIA,IL0,ISRAEL,,,TEL AVIV1,IL0,NT1,7,,,,
PT2,ILS,,,EMI,EMIA,IL0,ISRAEL,,,TEL AVIV2,IL0,PT1,8,,,,
PT3,ILS,,,EMI,EMIA,IL0,ISRAEL,,,TEL AVIV3,IL0,PT2,9,,,,
PU1,INR,,,APC,APAC AND CHINA,IN0,INDIA,,,PUNE,IN0,ND1,19,,,,
PY,USD,,59500,130000,International Markets,130500,Latin America,OLATAM,Other Latam countries,Paraguay,OLATAM,PA,14,,,,
QA,USD,,97400,130000,International Markets,130300,"Israel, Ukraine, Africa and MEA",OMENA,MEA,Qatar,OMENA,OM,21,,,,
RC1,ILS,,,EMI,EMIA,IL0,ISRAEL,,,NEOT CHOVAV,IL0,PT3,10,,,,
RD1,USD,,,NAM,NORTH AMERICA,US0,UNITED STATES,,,REDWOOD,US0,PO1,43,,,,
RE,EUR,,26200,120000,Europe,122000,South-East (SE),03300,France,Reunion,03300,PM,9,,,,
RH1,EUR,,,EUO,EUROPE,IT0,ITALY,,,RHO,IT0,NR1,5,,,,
RI1,EUR,,,EUO,EUROPE,LT0,LITHUANIA,,,RIGA,LT0,,1,,,,
RO,RON,,04000,120000,Europe,122000,South-East (SE),04000,Romania,Romania.,04000,,1,,,,
RO0,,,,,,,,,,ROMANIA,EUO,PT0,30,,,,
RO1,USD,,,NAM,NORTH AMERICA,US0,UNITED STATES,,,ROCKVILLE,US0,RD1,44,,,,
RP1,CHF,,,EUO,EUROPE,CH0,SWITZERLAND,,,RAPPERSWIL,CH0,LG1,3,,,,
RS,RSD,,38100,120000,Europe,122000,South-East (SE),38100,Serbia,Serbia.,38100,,1,,,,
RU,RUB,,00700,130000,International Markets,130200,"Russia, Kazakhstan, Turkey and CIS",00700,Russia,Russia.,00700,,1,,,,
RU0,,,,,,,,,,RUSSIA,EMI,KZ0,6,,,,
RU1,GBP,,,EUO,EUROPE,GB0,UNITED KINGDOM,,,RUNCORN,GB0,LR1,8,,,,
S99,USD,,,NAM,NORTH AMERICA,US0,UNITED STATES,,,US General,US0,RO1,45,,,,
SA,USD,,96600,130000,International Markets,130300,"Israel, Ukraine, Africa and MEA",OMENA,MEA,Saudi Arabia,OMENA,QA,22,,,,
SA0,,,,,,,,,,SOUTH AFRICA,EMI,RU0,7,,,,
SA1,HUF,,,EUO,EUROPE,HU0,HUNGARY,,,SAJOBABONY,HU0,GD1,4,,,,
SB0,,,,,,,,,,SERBIA,EUO,RO0,31,,,,
SE,SEK,,04600,120000,Europe,121000,North-West (NW),04600,Sweden,Sweden.,04600,,1,,,,
SE0,,,,,,,,,,SWEDEN,EUO,SB0,32,,,,
SE1,EUR,,,EUO,EUROPE,FR0,FRANCE,,,SENSE,FR0,NE1,3,,,,
SE2,KRW,,,JAK,JAPAN KOREA,KR0,South Korea,,,Seoul,KR0,,1,,,,
SF1,BGN,,,EUO,EUROPE,BG0,BULGARIA,,,SOFIA,BG0,DP1,2,,,,
SF2,BGN,,,EUO,EUROPE,BG0,BULGARIA,,,EU SOFIA (ACTAVIS),BG0,SF1,3,,,,
SG,SGD,,06500,130000,International Markets,130400,APAC,06500,Singapore,Singapore.,06500,,1,,,,
SG0,,,,,,,,,,SINGAPORE,APC,NZ0,10,,,,
SG1,CNY,,,APC,APAC AND CHINA,CN0,CHINA,,,SHANGHAI,CN0,HZ1,2,,,,
SH1,ILS,,,EMI,EMIA,IL0,ISRAEL,,,SHOHAM,IL0,RC1,11,,,,
SI,EUR,,38600,120000,Europe,122000,South-East (SE),38600,Slovenia,Slovenia.,38600,,1,,,,
SI1,USD,,,APC,APAC AND CHINA,SG0,SINGAPORE,,,SINGAPORE,SG0,,1,,,,
SI2,SGD,,,APC,APAC AND CHINA,SG0,SINGAPORE,,,AP SINGAPORE (ACTAVIS),SG0,SI1,2,,,,
SJ1,USD,,,NAM,NORTH AMERICA,PR0,PUERTO RICO,,,SAN JUAN,PR0,MA2,5,,,,
SK,EUR,,42100,120000,Europe,122000,South-East (SE),42100,Slovakia,Slovakia.,42100,,1,,,,
SK0,,,,,,,,,,SLOVAKIA,EUO,SE0,33,,,,
SK1,MKD,,,EUO,EUROPE,MK0,MACEDONIA,,,SKOPJE,MK0,,1,,,,
SL0,,,,,,,,,,SLOVENIA,EUO,SK0,34,,,,
SL1,USD,,,NAM,NORTH AMERICA,US0,UNITED STATES,,,SALT LAKE CITY,US0,S99,46,,,,
SL2,USD,,,NAM,NORTH AMERICA,US0,UNITED STATES,,,SALT LAKE CITY (ACTAVIS),US0,SL1,47,,,,
SM,EUR,,37800,120000,Europe,122000,South-East (SE),03900,Italy,San Marino,03900,IT,2,,,,
SM1,EUR,,,EUO,EUROPE,HR0,CROATIA,,,SAVSKI MAROF,HR0,ZA1,2,,,,
SN,USD,,22100,130000,International Markets,130300,"Israel, Ukraine, Africa and MEA",OMENA,MEA,Senegal,OMENA,SA,23,,,,
SN1,EUR,,,EUO,EUROPE,IT0,ITALY,,,SANTHIA,IT0,RH1,6,,,,
SO1,EUR,,,EUO,EUROPE,IT0,ITALY,,,SETTIMO,IT0,SN1,7,,,,
SP1,BRL,,,LAT,LATIN AMERICA,BR0,BRAZIL,,,SAO PAULO,BR0,,1,,,,
SP2,BRL,,,LAT,LATIN AMERICA,BR0,BRAZIL,,,SAO PAULO,BR0,SP1,2,,,,
SR1,BAM,,,EUO,EUROPE,BH0,BOSNIA AND HERZEGOVINA,,,SARAJEVO,BH0,,1,,,,
ST1,CAD,,,NAM,NORTH AMERICA,CA0,CANADA,,,STOUFVILLE,CA0,MT1,6,,,,
ST2,SEK,,,EUO,EUROPE,SE0,SWEDEN,,,STOCKHOLM (ACTAVIS),SE0,HE1,2,,,,
SU1,USD,,,NAM,NORTH AMERICA,US0,UNITED STATES,,,SUNRISE,US0,SL2,48,,,,
SV,USD,,50300,130000,International Markets,130500,Latin America,OLATAM,Other Latam countries,EL Salvador,OLATAM,PY,15,,,,
SV1,USD,,,NAM,NORTH AMERICA,US0,UNITED STATES,,,SELLERSVILE,US0,SU1,49,,,,
SY1,AUD,,,APC,APAC AND CHINA,AU0,AUSTRALIA,,,SYDNEY,AU0,,1,,,,
SY2,AUD,,,APC,APAC AND CHINA,AU0,AUSTRALIA,,,SYDNEY (ACTAVIS),AU0,SY1,2,,,,
SZ,USD,,26800,130000,International Markets,130300,"Israel, Ukraine, Africa and MEA",OMENA,MEA,Swaziland,OMENA,SN,24,,,,
T1,USD,,99045,190000,Other Markets,190100,Other Markets,99045,Global Segment Reporting,Global Segment Reporting.,99045,,1,,,,
T2,USD,,99046,190000,Other Markets,190100,Other Markets,99046,Global Segment Reporting TAPI,Global Segment Reporting TAPI.,99046,,1,,,,
T3,USD,,99011,190000,Other Markets,190100,Other Markets,99011,TAPI Commercial Allocation market,TAPI Commercial Allocation market,99011,,1,,,,
TA1,MXN,,,LAT,LATIN AMERICA,MX0,MEXICO,,,TOLUCA,MX0,ME2,5,,,,
TA2,USD,,,APC,APAC AND CHINA,SG0,SINGAPORE,,,TAIWAN,SG0,SI2,3,,,,
TD,USD,,23500,130000,International Markets,130300,"Israel, Ukraine, Africa and MEA",OMENA,MEA,Chad,OMENA,SZ,25,,,,
TG1,CLP,,,LAT,LATIN AMERICA,CL0,CHILE,,,Santiago1,CL0,MP1,2,,,,
TG2,CLP,,,LAT,LATIN AMERICA,CL0,CHILE,,,Santiago2,CL0,TG1,3,,,,
TH,THB,,06600,130000,International Markets,130400,APAC,06600,Thailand,Thailand.,06600,,1,,,,
TH0,,,,,,,,,,THAILAND,APC,SG0,11,,,,
TJ,USD,,99200,130000,International Markets,130200,"Russia, Kazakhstan, Turkey and CIS",OCIS,Other CIS,Tajikistan,OCIS,MN,9,,,,
TK1,JPY,,,JAK,JAPAN KOREA,JP0,JAPAN,,,TAKAYAMA,JP0,NG1,5,,,,
TL1,ILS,,,EMI,EMIA,IL0,ISRAEL,,,Tel Aviv,IL0,SH1,12,,,,
TL2,ILS,,,EMI,EMIA,IL0,ISRAEL,,,TEL AVIV TAPI,IL0,TL1,13,,,,
TM,USD,,99300,130000,International Markets,130200,"Russia, Kazakhstan, Turkey and CIS",OCIS,Other CIS,Turkmenistan,OCIS,TJ,10,,,,
TN,USD,,21600,130000,International Markets,130300,"Israel, Ukraine, Africa and MEA",OMENA,MEA,Tunisia,OMENA,TD,26,,,,
TO1,CAD,,,NAM,NORTH AMERICA,CA0,CANADA,,,TORONTO,CA0,ST1,7,,,,
TR,TRY,,09000,130000,International Markets,130200,"Russia, Kazakhstan, Turkey and CIS",09000,Turkey,Turkey.,09000,,1,,,,
TR0,,,,,,,,,,TURKEY,EMI,SA0,8,,,,
TR1,BGN,,,EUO,EUROPE,BG0,BULGARIA,,,TROYAN (ACTAVIS),BG0,SF2,4,,,,
TW,USD,,88600,130000,International Markets,130700,Greater China,88600,Taiwan,Taiwan.,88600,,1,,,,
TY1,JPY,,,JAK,JAPAN KOREA,JP0,JAPAN,,,TOKYO,JP0,TK1,6,,,,
UA,UAH,,38000,130000,International Markets,130300,"Israel, Ukraine, Africa and MEA",38000,Ukraine,Ukraine.,38000,,1,,,,
UA0,,,,,,,,,,UKRAINE,EMI,TR0,9,,,,
UL1,EUR,,,EUO,EUROPE,DE0,GERMANY,,,ULM1 PHARMA PRODUCTION,DE0,BI1,2,,,,
UL2,EUR,,,EUO,EUROPE,DE0,GERMANY,,,ULM2 BIOGENERICS,DE0,UL1,3,,,,
UL3,EUR,,,EUO,EUROPE,DE0,GERMANY,,,ULM3 BIOGENERICS,DE0,UL2,4,,,,
UN,,,00000,190000,Other Markets,190100,Other Markets,NA_MT,Unallocated to market,Unallocated to market,NA_MT,,1,,,,
US,USD,,00100,110000,North America,110100,North America,00100,United States,United States.,00100,,1,,,,
US0,,,,,,,,,,UNITED STATES,NAM,PR0,7,,,,
UT1,EUR,,,EUO,EUROPE,NL0,NETHERLANDS,,,AMSTERDAM TAPI,NL0,HR1,3,,,,
UY,UYU,,59800,130000,International Markets,130500,Latin America,59800,Uruguay,Uruguay.,59800,,1,,,,
UY0,,,,,,,,,,URUGUAY,LAT,PE0,9,,,,
UZ,USD,,99800,130000,International Markets,130200,"Russia, Kazakhstan, Turkey and CIS",OCIS,Other CIS,Uzbekistan,OCIS,TM,11,,,,
VA,EUR,,03901,120000,Europe,122000,South-East (SE),03900,Italy,Holy See (Vatican City State),03900,SM,3,,,,
VA1,VEF,,,LAT,LATIN AMERICA,VE0,VENEZUELA,,,VALENCIA,VE0,,1,,,,
VE,VEF,,05800,130000,International Markets,130500,Latin America,05800,Venezuela,Venezuela.,05800,,1,,,,
VE0,,,,,,,,,,VENEZUELA,LAT,UY0,10,,,,
VE1,EUR,,,EUO,EUROPE,AT0,AUSTRIA,,,VIENNA,AT0,,1,,,,
VG,USD,,28400,130000,International Markets,130500,Latin America,OLATAM,Other Latam countries,"Virgin Islands, British",OLATAM,SV,16,,,,
VI1,EUR,,,EUO,EUROPE,LT0,LITHUANIA,,,VILNA,LT0,RI1,2,,,,
VN,USD,,08400,130000,International Markets,130400,APAC,08400,Vietnam,Vietnam.,08400,,1,,,,
VN0,,,,,,,,,,VIETNAM,APC,TH0,12,,,,
VO1,EUR,,,EUO,EUROPE,IT0,ITALY,,,VILANTERIO,IT0,SO1,8,,,,
W1,USD,,ANEUO,120000,Europe,120900,Total Europe HQ,ONEUO,Western Europe - Overhead,Western Europe Overhead Adjustments,ONEUO,,1,,,,
WA1,PLN,,,EUO,EUROPE,PL0,POLAND,,,WARSAW,PL0,KU1,3,,,,
WC1,USD,,,NAM,NORTH AMERICA,US0,UNITED STATES,,,WEST CHESTER,US0,SV1,50,,,,
WD1,EUR,,,EUO,EUROPE,IE0,IRELAND,,,WATERFORD,IE0,DN1,4,,,,
WD2,EUR,,,EUO,EUROPE,IE0,IRELAND,,,WATERFORD IP,IE0,WD1,5,,,,
WE1,EUR,,,EUO,EUROPE,DE0,GERMANY,,,WEILER,DE0,UL3,5,,,,
WF,EUR,,68100,120000,Europe,122000,South-East (SE),03300,France,Wallis and Futuna,03300,RE,10,,,,
WI1,EUR,,,EUO,EUROPE,BE0,BELGIUM,,,WILRIJK,BE0,,1,,,,
WN1,USD,,,NAM,NORTH AMERICA,US0,UNITED STATES,,,WESTON,US0,WC1,51,,,,
WN2,USD,,,NAM,NORTH AMERICA,US0,UNITED STATES,,,WESTON (ACTAVIS),US0,WN1,52,,,,
WO1,USD,,,NAM,NORTH AMERICA,US0,UNITED STATES,,,WOODCLIFF,US0,WN2,53,,,,
WS1,USD,,,NAM,NORTH AMERICA,US0,UNITED STATES,,,WASHINGTON DC,US0,WO1,54,,,,
WY1,USD,,,NAM,NORTH AMERICA,US0,UNITED STATES,,,WAYLAND,US0,WS1,55,,,,
XK,EUR,,38151,120000,Europe,122000,South-East (SE),YUGAL,Other South Eastern Europe Countries,Kosovo,YUGAL,E5,3,,,,
XO1,MXN,,,LAT,LATIN AMERICA,MX0,MEXICO,,,XOCHIMIL,MX0,TA1,6,,,,
YA1,RUB,,,EMI,EMIA,RU0,RUSSIA,,,YAROSLAVL,RU0,MW1,2,,,,
YUGAL,,,,,,,,,,Other South Eastern Europe Countries,122000,42100,19,,,,
ZA,ZAR,,02700,130000,International Markets,130300,"Israel, Ukraine, Africa and MEA",02700,South Africa,South Africa.,02700,,1,,,,
ZA1,EUR,,,EUO,EUROPE,HR0,CROATIA,,,ZAGREB,HR0,,1,,,,
ZG1,CHF,,,EUO,EUROPE,CH0,SWITZERLAND,,,ZUG (ACTAVIS),CH0,RP1,4,,,,
ZJ1,EUR,,,EUO,EUROPE,MT0,MALTA,,,ZEJTUN (ACTAVIS),MT0,BZ1,2,,,,
ZR1,EUR,,,EUO,EUROPE,ES0,SPAIN,,,ZARAGOSA,ES0,MA1,2,,,,
Z_SEG1,,,,,,,,,,Z_SEG1,,#,2,,,,
